species_latin,recording_id,source_url,download_url,file_name,local_path,probe_status,format_name,codec_name,actual_sample_rate_hz,manifest_sample_rate_hz,channels,actual_duration_s,manifest_duration_s,bytes,quality,message
Tettigonia viridissima,969762,https://xeno-canto.org/969762,https://xeno-canto.org/969762/download,XC969762-T-viridissima-c20_St-Vallier-de-Thiey-06_2020-07-07_M00132+++.wav,/Users/jchavauxm5/PKA_JCH/JCH_Inbox/03_PROJECTS/03_WILDNEXUS/06_COMPONENTS/BIOACOUSTIC/INSECTNET/03_AUDIO_DOWNLOADS/audio/tettigonia-viridissima/XC969762-T-viridissima-c20_St-Vallier-de-Thiey-06_2020-07-07_M00132+++.wav,ok,wav,pcm_s16le,384000,384000,1,26.732,26.0,20547182,A,
Tettigonia viridissima,1095466,https://xeno-canto.org/1095466,https://xeno-canto.org/1095466/download,XC1095466-T-viridissima-d27_Puerto-Ragua-ES-GR_2025-08-16_16_52_22_M00039++.wav,/Users/jchavauxm5/PKA_JCH/JCH_Inbox/03_PROJECTS/03_WILDNEXUS/06_COMPONENTS/BIOACOUSTIC/INSECTNET/03_AUDIO_DOWNLOADS/audio/tettigonia-viridissima/XC1095466-T-viridissima-d27_Puerto-Ragua-ES-GR_2025-08-16_16_52_22_M00039++.wav,ok,wav,pcm_s16le,384000,384000,1,30.856,30.0,23697266,A,
Tettigonia viridissima,969764,https://xeno-canto.org/969764,https://xeno-canto.org/969764/download,XC969764-T-viridissima-c30_Port-la-Nelle-11_2022-06-16_22_38_19_M00060+++.wav,/Users/jchavauxm5/PKA_JCH/JCH_Inbox/03_PROJECTS/03_WILDNEXUS/06_COMPONENTS/BIOACOUSTIC/INSECTNET/03_AUDIO_DOWNLOADS/audio/tettigonia-viridissima/XC969764-T-viridissima-c30_Port-la-Nelle-11_2022-06-16_22_38_19_M00060+++.wav,ok,wav,pcm_s16le,384000,384000,1,30.303,30.0,23289954,A,
Tettigonia viridissima,969765,https://xeno-canto.org/969765,https://xeno-canto.org/969765/download,XC969765-T-viridissima-d19_Sarroux-19_2021-09-30_14_35_08_M00037+++.wav,/Users/jchavauxm5/PKA_JCH/JCH_Inbox/03_PROJECTS/03_WILDNEXUS/06_COMPONENTS/BIOACOUSTIC/INSECTNET/03_AUDIO_DOWNLOADS/audio/tettigonia-viridissima/XC969765-T-viridissima-d19_Sarroux-19_2021-09-30_14_35_08_M00037+++.wav,ok,wav,pcm_s16le,384000,384000,1,51.048,51.0,39221724,A,
Tettigonia viridissima,907281,https://xeno-canto.org/907281,https://xeno-canto.org/907281/download,XC907281-160626-001.wav,/Users/jchavauxm5/PKA_JCH/JCH_Inbox/03_PROJECTS/03_WILDNEXUS/06_COMPONENTS/BIOACOUSTIC/INSECTNET/03_AUDIO_DOWNLOADS/audio/tettigonia-viridissima/XC907281-160626-001.wav,ok,wav,pcm_s24le,96000,96000,2,110.925,110.0,63893902,A,
Tettigonia viridissima,1060772,https://xeno-canto.org/1060772,https://xeno-canto.org/1060772/download,XC1060772-XC_Tettigonia-viridissima_Montcenis_02072025_1.wav,/Users/jchavauxm5/PKA_JCH/JCH_Inbox/03_PROJECTS/03_WILDNEXUS/06_COMPONENTS/BIOACOUSTIC/INSECTNET/03_AUDIO_DOWNLOADS/audio/tettigonia-viridissima/XC1060772-XC_Tettigonia-viridissima_Montcenis_02072025_1.wav,ok,wav,pcm_s16le,44100,44100,2,7.957,7.0,1436416,A,
Tettigonia viridissima,1060773,https://xeno-canto.org/1060773,https://xeno-canto.org/1060773/download,XC1060773-XC_Tettigonia-viridissima_Montcenis_02072025_2.wav,/Users/jchavauxm5/PKA_JCH/JCH_Inbox/03_PROJECTS/03_WILDNEXUS/06_COMPONENTS/BIOACOUSTIC/INSECTNET/03_AUDIO_DOWNLOADS/audio/tettigonia-viridissima/XC1060773-XC_Tettigonia-viridissima_Montcenis_02072025_2.wav,ok,wav,pcm_s16le,44100,44100,2,15.431,15.0,2754816,A,
Tettigonia viridissima,847750,https://xeno-canto.org/847750,https://xeno-canto.org/847750/download,XC847750-BL20230626-04010015.wav,/Users/jchavauxm5/PKA_JCH/JCH_Inbox/03_PROJECTS/03_WILDNEXUS/06_COMPONENTS/BIOACOUSTIC/INSECTNET/03_AUDIO_DOWNLOADS/audio/tettigonia-viridissima/XC847750-BL20230626-04010015.wav,ok,wav,pcm_s16le,384000,384000,1,2.885,2.0,2239212,B,
Tettigonia viridissima,847751,https://xeno-canto.org/847751,https://xeno-canto.org/847751/download,XC847751-BL20230626-04010016.wav,/Users/jchavauxm5/PKA_JCH/JCH_Inbox/03_PROJECTS/03_WILDNEXUS/06_COMPONENTS/BIOACOUSTIC/INSECTNET/03_AUDIO_DOWNLOADS/audio/tettigonia-viridissima/XC847751-BL20230626-04010016.wav,ok,wav,pcm_s16le,384000,384000,1,2.277,2.0,1772260,B,
Tettigonia viridissima,847753,https://xeno-canto.org/847753,https://xeno-canto.org/847753/download,XC847753-BL20230626-04010018.wav,/Users/jchavauxm5/PKA_JCH/JCH_Inbox/03_PROJECTS/03_WILDNEXUS/06_COMPONENTS/BIOACOUSTIC/INSECTNET/03_AUDIO_DOWNLOADS/audio/tettigonia-viridissima/XC847753-BL20230626-04010018.wav,ok,wav,pcm_s16le,384000,384000,1,2.309,2.0,1796836,B,
Tettigonia viridissima,847757,https://xeno-canto.org/847757,https://xeno-canto.org/847757/download,XC847757-BL20230626-04010022.wav,/Users/jchavauxm5/PKA_JCH/JCH_Inbox/03_PROJECTS/03_WILDNEXUS/06_COMPONENTS/BIOACOUSTIC/INSECTNET/03_AUDIO_DOWNLOADS/audio/tettigonia-viridissima/XC847757-BL20230626-04010022.wav,ok,wav,pcm_s16le,384000,384000,1,2.003,2.0,1561316,B,
Tettigonia viridissima,847766,https://xeno-canto.org/847766,https://xeno-canto.org/847766/download,XC847766-BL20230626-04010031.wav,/Users/jchavauxm5/PKA_JCH/JCH_Inbox/03_PROJECTS/03_WILDNEXUS/06_COMPONENTS/BIOACOUSTIC/INSECTNET/03_AUDIO_DOWNLOADS/audio/tettigonia-viridissima/XC847766-BL20230626-04010031.wav,ok,wav,pcm_s16le,384000,384000,1,2.627,2.0,2040556,B,
Tettigonia viridissima,847768,https://xeno-canto.org/847768,https://xeno-canto.org/847768/download,XC847768-BL20230626-04010034.wav,/Users/jchavauxm5/PKA_JCH/JCH_Inbox/03_PROJECTS/03_WILDNEXUS/06_COMPONENTS/BIOACOUSTIC/INSECTNET/03_AUDIO_DOWNLOADS/audio/tettigonia-viridissima/XC847768-BL20230626-04010034.wav,ok,wav,pcm_s16le,384000,384000,1,2.920,2.0,2265828,B,
Tettigonia viridissima,847769,https://xeno-canto.org/847769,https://xeno-canto.org/847769/download,XC847769-BL20230626-04010035.wav,/Users/jchavauxm5/PKA_JCH/JCH_Inbox/03_PROJECTS/03_WILDNEXUS/06_COMPONENTS/BIOACOUSTIC/INSECTNET/03_AUDIO_DOWNLOADS/audio/tettigonia-viridissima/XC847769-BL20230626-04010035.wav,ok,wav,pcm_s16le,384000,384000,1,2.008,2.0,1565412,B,
Tettigonia viridissima,847770,https://xeno-canto.org/847770,https://xeno-canto.org/847770/download,XC847770-BL20230626-04010036.wav,/Users/jchavauxm5/PKA_JCH/JCH_Inbox/03_PROJECTS/03_WILDNEXUS/06_COMPONENTS/BIOACOUSTIC/INSECTNET/03_AUDIO_DOWNLOADS/audio/tettigonia-viridissima/XC847770-BL20230626-04010036.wav,ok,wav,pcm_s16le,384000,384000,1,2.291,2.0,1782500,B,
Tettigonia viridissima,847772,https://xeno-canto.org/847772,https://xeno-canto.org/847772/download,XC847772-BL20230626-04010038.wav,/Users/jchavauxm5/PKA_JCH/JCH_Inbox/03_PROJECTS/03_WILDNEXUS/06_COMPONENTS/BIOACOUSTIC/INSECTNET/03_AUDIO_DOWNLOADS/audio/tettigonia-viridissima/XC847772-BL20230626-04010038.wav,ok,wav,pcm_s16le,384000,384000,1,2.003,2.0,1561316,B,
Tettigonia viridissima,847775,https://xeno-canto.org/847775,https://xeno-canto.org/847775/download,XC847775-BL20230626-04010041.wav,/Users/jchavauxm5/PKA_JCH/JCH_Inbox/03_PROJECTS/03_WILDNEXUS/06_COMPONENTS/BIOACOUSTIC/INSECTNET/03_AUDIO_DOWNLOADS/audio/tettigonia-viridissima/XC847775-BL20230626-04010041.wav,ok,wav,pcm_s16le,384000,384000,1,2.112,2.0,1645284,B,
Tettigonia viridissima,847777,https://xeno-canto.org/847777,https://xeno-canto.org/847777/download,XC847777-BL20230626-04010043.wav,/Users/jchavauxm5/PKA_JCH/JCH_Inbox/03_PROJECTS/03_WILDNEXUS/06_COMPONENTS/BIOACOUSTIC/INSECTNET/03_AUDIO_DOWNLOADS/audio/tettigonia-viridissima/XC847777-BL20230626-04010043.wav,ok,wav,pcm_s16le,384000,384000,1,2.456,2.0,1909476,B,
Tettigonia viridissima,847778,https://xeno-canto.org/847778,https://xeno-canto.org/847778/download,XC847778-BL20230626-04010044.wav,/Users/jchavauxm5/PKA_JCH/JCH_Inbox/03_PROJECTS/03_WILDNEXUS/06_COMPONENTS/BIOACOUSTIC/INSECTNET/03_AUDIO_DOWNLOADS/audio/tettigonia-viridissima/XC847778-BL20230626-04010044.wav,ok,wav,pcm_s16le,384000,384000,1,2.387,2.0,1856228,B,
Tettigonia viridissima,847781,https://xeno-canto.org/847781,https://xeno-canto.org/847781/download,XC847781-BL20230626-04010047.wav,/Users/jchavauxm5/PKA_JCH/JCH_Inbox/03_PROJECTS/03_WILDNEXUS/06_COMPONENTS/BIOACOUSTIC/INSECTNET/03_AUDIO_DOWNLOADS/audio/tettigonia-viridissima/XC847781-BL20230626-04010047.wav,ok,wav,pcm_s16le,384000,384000,1,2.627,2.0,2041568,B,
Gryllus campestris,967471,https://xeno-canto.org/967471,https://xeno-canto.org/967471/download,XC967471-G-campestris-d31_Chanteix-19_220517_1552_0209S1+++.wav,/Users/jchavauxm5/PKA_JCH/JCH_Inbox/03_PROJECTS/03_WILDNEXUS/06_COMPONENTS/BIOACOUSTIC/INSECTNET/03_AUDIO_DOWNLOADS/audio/gryllus-campestris/XC967471-G-campestris-d31_Chanteix-19_220517_1552_0209S1+++.wav,ok,wav,pcm_s16le,96000,96000,1,29.800,29.0,5738560,A,
Gryllus campestris,967484,https://xeno-canto.org/967484,https://xeno-canto.org/967484/download,XC967484-G-campestris-n15_Chanteix-19_220513_2242_0193S1+++.wav,/Users/jchavauxm5/PKA_JCH/JCH_Inbox/03_PROJECTS/03_WILDNEXUS/06_COMPONENTS/BIOACOUSTIC/INSECTNET/03_AUDIO_DOWNLOADS/audio/gryllus-campestris/XC967484-G-campestris-n15_Chanteix-19_220513_2242_0193S1+++.wav,ok,wav,pcm_s16le,96000,96000,1,32.571,32.0,6270552,A,
Gryllus campestris,967442,https://xeno-canto.org/967442,https://xeno-canto.org/967442/download,XC967442-G-campestris-c14_Chanteix-19_20210422_211055_01+++.wav,/Users/jchavauxm5/PKA_JCH/JCH_Inbox/03_PROJECTS/03_WILDNEXUS/06_COMPONENTS/BIOACOUSTIC/INSECTNET/03_AUDIO_DOWNLOADS/audio/gryllus-campestris/XC967442-G-campestris-c14_Chanteix-19_20210422_211055_01+++.wav,ok,wav,pcm_s16le,96000,96000,1,33.984,33.0,6541922,A,
Gryllus campestris,1095680,https://xeno-canto.org/1095680,https://xeno-canto.org/1095680/download,XC1095680-G-campestris-n09_Chanteix-19_250505_2225_0874S1+++.wav,/Users/jchavauxm5/PKA_JCH/JCH_Inbox/03_PROJECTS/03_WILDNEXUS/06_COMPONENTS/BIOACOUSTIC/INSECTNET/03_AUDIO_DOWNLOADS/audio/gryllus-campestris/XC1095680-G-campestris-n09_Chanteix-19_250505_2225_0874S1+++.wav,ok,wav,pcm_s24le,96000,96000,1,34.938,34.0,10062238,A,
Gryllus campestris,967483,https://xeno-canto.org/967483,https://xeno-canto.org/967483/download,XC967483-G-campestris-n14_Chanteix-19_220506_2139_0162S1+++.wav,/Users/jchavauxm5/PKA_JCH/JCH_Inbox/03_PROJECTS/03_WILDNEXUS/06_COMPONENTS/BIOACOUSTIC/INSECTNET/03_AUDIO_DOWNLOADS/audio/gryllus-campestris/XC967483-G-campestris-n14_Chanteix-19_220506_2139_0162S1+++.wav,ok,wav,pcm_s16le,96000,96000,1,35.723,35.0,6875736,A,
Gryllus campestris,967489,https://xeno-canto.org/967489,https://xeno-canto.org/967489/download,XC967489-G-campestris-n18_Masegoso-ES-AB_230701_2318_0709S1+++.wav,/Users/jchavauxm5/PKA_JCH/JCH_Inbox/03_PROJECTS/03_WILDNEXUS/06_COMPONENTS/BIOACOUSTIC/INSECTNET/03_AUDIO_DOWNLOADS/audio/gryllus-campestris/XC967489-G-campestris-n18_Masegoso-ES-AB_230701_2318_0709S1+++.wav,ok,wav,pcm_s16le,96000,96000,1,36.504,36.0,7025290,A,
Gryllus campestris,967476,https://xeno-canto.org/967476,https://xeno-canto.org/967476/download,XC967476-G-campestris-n10_Chanteix-19_230425_2149_0565S1+++.wav,/Users/jchavauxm5/PKA_JCH/JCH_Inbox/03_PROJECTS/03_WILDNEXUS/06_COMPONENTS/BIOACOUSTIC/INSECTNET/03_AUDIO_DOWNLOADS/audio/gryllus-campestris/XC967476-G-campestris-n10_Chanteix-19_230425_2149_0565S1+++.wav,ok,wav,pcm_s16le,96000,96000,1,37.192,37.0,7157840,A,
Gryllus campestris,967447,https://xeno-canto.org/967447,https://xeno-canto.org/967447/download,XC967447-G-campestris-c18_Chanteix-19_220508_2123_0167S1+++.wav,/Users/jchavauxm5/PKA_JCH/JCH_Inbox/03_PROJECTS/03_WILDNEXUS/06_COMPONENTS/BIOACOUSTIC/INSECTNET/03_AUDIO_DOWNLOADS/audio/gryllus-campestris/XC967447-G-campestris-c18_Chanteix-19_220508_2123_0167S1+++.wav,ok,wav,pcm_s16le,96000,96000,1,40.123,40.0,7720544,A,
Gryllus campestris,1095679,https://xeno-canto.org/1095679,https://xeno-canto.org/1095679/download,XC1095679-G-campestris-n09_Chanteix-19_250505_2221_0873S1+++.wav,/Users/jchavauxm5/PKA_JCH/JCH_Inbox/03_PROJECTS/03_WILDNEXUS/06_COMPONENTS/BIOACOUSTIC/INSECTNET/03_AUDIO_DOWNLOADS/audio/gryllus-campestris/XC1095679-G-campestris-n09_Chanteix-19_250505_2221_0873S1+++.wav,ok,wav,pcm_s24le,96000,96000,1,45.718,45.0,13166948,A,
Gryllus campestris,1095677,https://xeno-canto.org/1095677,https://xeno-canto.org/1095677/download,XC1095677-G-campestris-d28_Chanteix-19_250617_1747_0875S1+++.wav,/Users/jchavauxm5/PKA_JCH/JCH_Inbox/03_PROJECTS/03_WILDNEXUS/06_COMPONENTS/BIOACOUSTIC/INSECTNET/03_AUDIO_DOWNLOADS/audio/gryllus-campestris/XC1095677-G-campestris-d28_Chanteix-19_250617_1747_0875S1+++.wav,ok,wav,pcm_s24le,96000,96000,1,48.008,48.0,13826368,A,
Gryllus campestris,1095678,https://xeno-canto.org/1095678,https://xeno-canto.org/1095678/download,XC1095678-G-campestris-d28_Chanteix-19_250617_1749_0876S1+++.wav,/Users/jchavauxm5/PKA_JCH/JCH_Inbox/03_PROJECTS/03_WILDNEXUS/06_COMPONENTS/BIOACOUSTIC/INSECTNET/03_AUDIO_DOWNLOADS/audio/gryllus-campestris/XC1095678-G-campestris-d28_Chanteix-19_250617_1749_0876S1+++.wav,ok,wav,pcm_s24le,96000,96000,1,49.358,49.0,14215288,A,
Gryllus campestris,967464,https://xeno-canto.org/967464,https://xeno-canto.org/967464/download,XC967464-G-campestris-d27_Hontoria-de-la-Cantera-ES-BU_2023-06-27_19_14_28_M00006++.wav,/Users/jchavauxm5/PKA_JCH/JCH_Inbox/03_PROJECTS/03_WILDNEXUS/06_COMPONENTS/BIOACOUSTIC/INSECTNET/03_AUDIO_DOWNLOADS/audio/gryllus-campestris/XC967464-G-campestris-d27_Hontoria-de-la-Cantera-ES-BU_2023-06-27_19_14_28_M00006++.wav,ok,wav,pcm_s16le,384000,384000,1,17.245,17.0,13261052,B,
Gryllus campestris,967462,https://xeno-canto.org/967462,https://xeno-canto.org/967462/download,XC967462-G-campestris-d27_Chasteaux-19_20210530_170117++.wav,/Users/jchavauxm5/PKA_JCH/JCH_Inbox/03_PROJECTS/03_WILDNEXUS/06_COMPONENTS/BIOACOUSTIC/INSECTNET/03_AUDIO_DOWNLOADS/audio/gryllus-campestris/XC967462-G-campestris-d27_Chasteaux-19_20210530_170117++.wav,ok,wav,pcm_s16le,384000,384000,1,19.365,19.0,14889004,B,
Gryllus campestris,849988,https://xeno-canto.org/849988,https://xeno-canto.org/849988/download,XC849988-NoID_20230725_162808.wav,/Users/jchavauxm5/PKA_JCH/JCH_Inbox/03_PROJECTS/03_WILDNEXUS/06_COMPONENTS/BIOACOUSTIC/INSECTNET/03_AUDIO_DOWNLOADS/audio/gryllus-campestris/XC849988-NoID_20230725_162808.wav,ok,wav,pcm_s16le,384000,384000,1,21.427,21.0,16478836,B,
Gryllus campestris,849987,https://xeno-canto.org/849987,https://xeno-canto.org/849987/download,XC849987-NoID_20230725_162743.wav,/Users/jchavauxm5/PKA_JCH/JCH_Inbox/03_PROJECTS/03_WILDNEXUS/06_COMPONENTS/BIOACOUSTIC/INSECTNET/03_AUDIO_DOWNLOADS/audio/gryllus-campestris/XC849987-NoID_20230725_162743.wav,ok,wav,pcm_s16le,384000,384000,1,22.604,22.0,17383020,B,
Gryllus campestris,967477,https://xeno-canto.org/967477,https://xeno-canto.org/967477/download,XC967477-G-campestris-n12_Chanteix-19_2020-05-03_23_20_40_M00004++.wav,/Users/jchavauxm5/PKA_JCH/JCH_Inbox/03_PROJECTS/03_WILDNEXUS/06_COMPONENTS/BIOACOUSTIC/INSECTNET/03_AUDIO_DOWNLOADS/audio/gryllus-campestris/XC967477-G-campestris-n12_Chanteix-19_2020-05-03_23_20_40_M00004++.wav,ok,wav,pcm_s16le,384000,384000,1,24.544,24.0,18866614,B,
Gryllus campestris,967460,https://xeno-canto.org/967460,https://xeno-canto.org/967460/download,XC967460-G-campestris-d25_Chasteaux-19_20210530_123434++.wav,/Users/jchavauxm5/PKA_JCH/JCH_Inbox/03_PROJECTS/03_WILDNEXUS/06_COMPONENTS/BIOACOUSTIC/INSECTNET/03_AUDIO_DOWNLOADS/audio/gryllus-campestris/XC967460-G-campestris-d25_Chasteaux-19_20210530_123434++.wav,ok,wav,pcm_s16le,384000,384000,1,31.839,31.0,24469548,B,
Gryllus campestris,967480,https://xeno-canto.org/967480,https://xeno-canto.org/967480/download,XC967480-G-campestris-n13_Chanteix-19_2020-06-14_23_00_12_M00014++.wav,/Users/jchavauxm5/PKA_JCH/JCH_Inbox/03_PROJECTS/03_WILDNEXUS/06_COMPONENTS/BIOACOUSTIC/INSECTNET/03_AUDIO_DOWNLOADS/audio/gryllus-campestris/XC967480-G-campestris-n13_Chanteix-19_2020-06-14_23_00_12_M00014++.wav,ok,wav,pcm_s16le,384000,384000,1,31.402,31.0,24133558,B,
Gryllus campestris,967461,https://xeno-canto.org/967461,https://xeno-canto.org/967461/download,XC967461-G-campestris-d26_Cristinacce-2A_2022-07-06_20_07_04_M00036++.wav,/Users/jchavauxm5/PKA_JCH/JCH_Inbox/03_PROJECTS/03_WILDNEXUS/06_COMPONENTS/BIOACOUSTIC/INSECTNET/03_AUDIO_DOWNLOADS/audio/gryllus-campestris/XC967461-G-campestris-d26_Cristinacce-2A_2022-07-06_20_07_04_M00036++.wav,ok,wav,pcm_s16le,384000,384000,1,32.310,32.0,24830958,B,
Gryllus campestris,967459,https://xeno-canto.org/967459,https://xeno-canto.org/967459/download,XC967459-G-campestris-d24_Chanteix-19_2020-05-17_16_04_42_M00008++.wav,/Users/jchavauxm5/PKA_JCH/JCH_Inbox/03_PROJECTS/03_WILDNEXUS/06_COMPONENTS/BIOACOUSTIC/INSECTNET/03_AUDIO_DOWNLOADS/audio/gryllus-campestris/XC967459-G-campestris-d24_Chanteix-19_2020-05-17_16_04_42_M00008++.wav,ok,wav,pcm_s16le,384000,384000,1,33.141,33.0,25468846,B,
Pholidoptera griseoaptera,968627,https://xeno-canto.org/968627,https://xeno-canto.org/968627/download,XC968627-P-griseoaptera-n11_Vigeois-19_20211015_213903+++.wav,/Users/jchavauxm5/PKA_JCH/JCH_Inbox/03_PROJECTS/03_WILDNEXUS/06_COMPONENTS/BIOACOUSTIC/INSECTNET/03_AUDIO_DOWNLOADS/audio/pholidoptera-griseoaptera/XC968627-P-griseoaptera-n11_Vigeois-19_20211015_213903+++.wav,ok,wav,pcm_s16le,384000,384000,1,29.953,29.0,23021172,A,
Pholidoptera griseoaptera,968607,https://xeno-canto.org/968607,https://xeno-canto.org/968607/download,XC968607-P-griseoaptera-c13_Chanteix-19_2019-09-23_20_51_05_M00003_cht-rivalite+++.wav,/Users/jchavauxm5/PKA_JCH/JCH_Inbox/03_PROJECTS/03_WILDNEXUS/06_COMPONENTS/BIOACOUSTIC/INSECTNET/03_AUDIO_DOWNLOADS/audio/pholidoptera-griseoaptera/XC968607-P-griseoaptera-c13_Chanteix-19_2019-09-23_20_51_05_M00003_cht-rivalite+++.wav,ok,wav,pcm_s16le,384000,384000,1,70.223,70.0,53948716,A,
Pholidoptera griseoaptera,847627,https://xeno-canto.org/847627,https://xeno-canto.org/847627/download,XC847627-BL20220723-04010002.wav,/Users/jchavauxm5/PKA_JCH/JCH_Inbox/03_PROJECTS/03_WILDNEXUS/06_COMPONENTS/BIOACOUSTIC/INSECTNET/03_AUDIO_DOWNLOADS/audio/pholidoptera-griseoaptera/XC847627-BL20220723-04010002.wav,ok,wav,pcm_s16le,384000,384000,1,2.003,2.0,1561206,B,
Pholidoptera griseoaptera,847628,https://xeno-canto.org/847628,https://xeno-canto.org/847628/download,XC847628-BL20220723-04010003.wav,/Users/jchavauxm5/PKA_JCH/JCH_Inbox/03_PROJECTS/03_WILDNEXUS/06_COMPONENTS/BIOACOUSTIC/INSECTNET/03_AUDIO_DOWNLOADS/audio/pholidoptera-griseoaptera/XC847628-BL20220723-04010003.wav,ok,wav,pcm_s16le,384000,384000,1,2.003,2.0,1561206,B,
Pholidoptera griseoaptera,847631,https://xeno-canto.org/847631,https://xeno-canto.org/847631/download,XC847631-BL20220723-04010006.wav,/Users/jchavauxm5/PKA_JCH/JCH_Inbox/03_PROJECTS/03_WILDNEXUS/06_COMPONENTS/BIOACOUSTIC/INSECTNET/03_AUDIO_DOWNLOADS/audio/pholidoptera-griseoaptera/XC847631-BL20220723-04010006.wav,ok,wav,pcm_s16le,384000,384000,1,2.392,2.0,1860310,B,
Pholidoptera griseoaptera,847633,https://xeno-canto.org/847633,https://xeno-canto.org/847633/download,XC847633-BL20220723-04010008.wav,/Users/jchavauxm5/PKA_JCH/JCH_Inbox/03_PROJECTS/03_WILDNEXUS/06_COMPONENTS/BIOACOUSTIC/INSECTNET/03_AUDIO_DOWNLOADS/audio/pholidoptera-griseoaptera/XC847633-BL20220723-04010008.wav,ok,wav,pcm_s16le,384000,384000,1,2.003,2.0,1561206,B,
Pholidoptera griseoaptera,847636,https://xeno-canto.org/847636,https://xeno-canto.org/847636/download,XC847636-BL20220723-04010011.wav,/Users/jchavauxm5/PKA_JCH/JCH_Inbox/03_PROJECTS/03_WILDNEXUS/06_COMPONENTS/BIOACOUSTIC/INSECTNET/03_AUDIO_DOWNLOADS/audio/pholidoptera-griseoaptera/XC847636-BL20220723-04010011.wav,ok,wav,pcm_s16le,384000,384000,1,2.957,2.0,2294390,B,
Pholidoptera griseoaptera,847630,https://xeno-canto.org/847630,https://xeno-canto.org/847630/download,XC847630-BL20220723-04010005.wav,/Users/jchavauxm5/PKA_JCH/JCH_Inbox/03_PROJECTS/03_WILDNEXUS/06_COMPONENTS/BIOACOUSTIC/INSECTNET/03_AUDIO_DOWNLOADS/audio/pholidoptera-griseoaptera/XC847630-BL20220723-04010005.wav,ok,wav,pcm_s16le,384000,384000,1,3.853,3.0,2982622,B,
Pholidoptera griseoaptera,847632,https://xeno-canto.org/847632,https://xeno-canto.org/847632/download,XC847632-BL20220723-04010007.wav,/Users/jchavauxm5/PKA_JCH/JCH_Inbox/03_PROJECTS/03_WILDNEXUS/06_COMPONENTS/BIOACOUSTIC/INSECTNET/03_AUDIO_DOWNLOADS/audio/pholidoptera-griseoaptera/XC847632-BL20220723-04010007.wav,ok,wav,pcm_s16le,384000,384000,1,3.749,3.0,2902750,B,
Pholidoptera griseoaptera,847637,https://xeno-canto.org/847637,https://xeno-canto.org/847637/download,XC847637-BL20220723-04010012.wav,/Users/jchavauxm5/PKA_JCH/JCH_Inbox/03_PROJECTS/03_WILDNEXUS/06_COMPONENTS/BIOACOUSTIC/INSECTNET/03_AUDIO_DOWNLOADS/audio/pholidoptera-griseoaptera/XC847637-BL20220723-04010012.wav,ok,wav,pcm_s16le,384000,384000,1,3.317,3.0,2570870,B,
Pholidoptera griseoaptera,847635,https://xeno-canto.org/847635,https://xeno-canto.org/847635/download,XC847635-BL20220723-04010010.wav,/Users/jchavauxm5/PKA_JCH/JCH_Inbox/03_PROJECTS/03_WILDNEXUS/06_COMPONENTS/BIOACOUSTIC/INSECTNET/03_AUDIO_DOWNLOADS/audio/pholidoptera-griseoaptera/XC847635-BL20220723-04010010.wav,ok,wav,pcm_s16le,384000,384000,1,4.099,4.0,3171038,B,
Pholidoptera griseoaptera,847638,https://xeno-canto.org/847638,https://xeno-canto.org/847638/download,XC847638-BL20220723-04010013.wav,/Users/jchavauxm5/PKA_JCH/JCH_Inbox/03_PROJECTS/03_WILDNEXUS/06_COMPONENTS/BIOACOUSTIC/INSECTNET/03_AUDIO_DOWNLOADS/audio/pholidoptera-griseoaptera/XC847638-BL20220723-04010013.wav,ok,wav,pcm_s16le,384000,384000,1,4.408,4.0,3408606,B,
Pholidoptera griseoaptera,847640,https://xeno-canto.org/847640,https://xeno-canto.org/847640/download,XC847640-BL20220723-04010015.wav,/Users/jchavauxm5/PKA_JCH/JCH_Inbox/03_PROJECTS/03_WILDNEXUS/06_COMPONENTS/BIOACOUSTIC/INSECTNET/03_AUDIO_DOWNLOADS/audio/pholidoptera-griseoaptera/XC847640-BL20220723-04010015.wav,ok,wav,pcm_s16le,384000,384000,1,5.197,5.0,4014814,B,
Pholidoptera griseoaptera,851722,https://xeno-canto.org/851722,https://xeno-canto.org/851722/download,XC851722-NOISE_20200813_180310.wav,/Users/jchavauxm5/PKA_JCH/JCH_Inbox/03_PROJECTS/03_WILDNEXUS/06_COMPONENTS/BIOACOUSTIC/INSECTNET/03_AUDIO_DOWNLOADS/audio/pholidoptera-griseoaptera/XC851722-NOISE_20200813_180310.wav,ok,wav,pcm_s16le,384000,384000,1,5.001,5.0,3864114,B,
Pholidoptera griseoaptera,847629,https://xeno-canto.org/847629,https://xeno-canto.org/847629/download,XC847629-BL20220723-04010004.wav,/Users/jchavauxm5/PKA_JCH/JCH_Inbox/03_PROJECTS/03_WILDNEXUS/06_COMPONENTS/BIOACOUSTIC/INSECTNET/03_AUDIO_DOWNLOADS/audio/pholidoptera-griseoaptera/XC847629-BL20220723-04010004.wav,ok,wav,pcm_s16le,384000,384000,1,6.416,6.0,4950750,B,
Pholidoptera griseoaptera,847634,https://xeno-canto.org/847634,https://xeno-canto.org/847634/download,XC847634-BL20220723-04010009.wav,/Users/jchavauxm5/PKA_JCH/JCH_Inbox/03_PROJECTS/03_WILDNEXUS/06_COMPONENTS/BIOACOUSTIC/INSECTNET/03_AUDIO_DOWNLOADS/audio/pholidoptera-griseoaptera/XC847634-BL20220723-04010009.wav,ok,wav,pcm_s16le,384000,384000,1,6.861,6.0,5292662,B,
Pholidoptera griseoaptera,847639,https://xeno-canto.org/847639,https://xeno-canto.org/847639/download,XC847639-BL20220723-04010014.wav,/Users/jchavauxm5/PKA_JCH/JCH_Inbox/03_PROJECTS/03_WILDNEXUS/06_COMPONENTS/BIOACOUSTIC/INSECTNET/03_AUDIO_DOWNLOADS/audio/pholidoptera-griseoaptera/XC847639-BL20220723-04010014.wav,ok,wav,pcm_s16le,384000,384000,1,7.619,7.0,5874398,B,
Pholidoptera griseoaptera,849665,https://xeno-canto.org/849665,https://xeno-canto.org/849665/download,XC849665-NoID_20200814_165154.wav,/Users/jchavauxm5/PKA_JCH/JCH_Inbox/03_PROJECTS/03_WILDNEXUS/06_COMPONENTS/BIOACOUSTIC/INSECTNET/03_AUDIO_DOWNLOADS/audio/pholidoptera-griseoaptera/XC849665-NoID_20200814_165154.wav,ok,wav,pcm_s16le,384000,384000,1,16.883,16.0,12989052,B,
Pholidoptera griseoaptera,846585,https://xeno-canto.org/846585,https://xeno-canto.org/846585/download,XC846585-20200813_165946.wav,/Users/jchavauxm5/PKA_JCH/JCH_Inbox/03_PROJECTS/03_WILDNEXUS/06_COMPONENTS/BIOACOUSTIC/INSECTNET/03_AUDIO_DOWNLOADS/audio/pholidoptera-griseoaptera/XC846585-20200813_165946.wav,ok,wav,pcm_s16le,384000,384000,1,18.355,18.0,14119588,B,
Pholidoptera griseoaptera,850169,https://xeno-canto.org/850169,https://xeno-canto.org/850169/download,XC850169-NoID_20230902_220447.wav,/Users/jchavauxm5/PKA_JCH/JCH_Inbox/03_PROJECTS/03_WILDNEXUS/06_COMPONENTS/BIOACOUSTIC/INSECTNET/03_AUDIO_DOWNLOADS/audio/pholidoptera-griseoaptera/XC850169-NoID_20230902_220447.wav,ok,wav,pcm_s16le,384000,384000,1,18.120,18.0,13939404,B,
Leptophyes punctatissima,1095719,https://xeno-canto.org/1095719,https://xeno-canto.org/1095719/download,XC1095719-L-punctatissima_P-nana-n16_Lureuil-36_2025-09-17_21_29_27_M00009++rep-femelle.wav,/Users/jchavauxm5/PKA_JCH/JCH_Inbox/03_PROJECTS/03_WILDNEXUS/06_COMPONENTS/BIOACOUSTIC/INSECTNET/03_AUDIO_DOWNLOADS/audio/leptophyes-punctatissima/XC1095719-L-punctatissima_P-nana-n16_Lureuil-36_2025-09-17_21_29_27_M00009++rep-femelle.wav,ok,wav,pcm_s16le,384000,384000,1,29.826,29.0,22906294,A,
Leptophyes punctatissima,967730,https://xeno-canto.org/967730,https://xeno-canto.org/967730/download,XC967730-L-punctatissima-n16_Clergoux-19_2021-08-31_22_25_42_M00052+++rep-femelle.wav,/Users/jchavauxm5/PKA_JCH/JCH_Inbox/03_PROJECTS/03_WILDNEXUS/06_COMPONENTS/BIOACOUSTIC/INSECTNET/03_AUDIO_DOWNLOADS/audio/leptophyes-punctatissima/XC967730-L-punctatissima-n16_Clergoux-19_2021-08-31_22_25_42_M00052+++rep-femelle.wav,ok,wav,pcm_s16le,384000,384000,1,40.763,40.0,31323422,A,
Leptophyes punctatissima,967731,https://xeno-canto.org/967731,https://xeno-canto.org/967731/download,XC967731-L-punctatissima-n16_Clergoux-19_2021-08-31_22_32_00_M00053+++.wav,/Users/jchavauxm5/PKA_JCH/JCH_Inbox/03_PROJECTS/03_WILDNEXUS/06_COMPONENTS/BIOACOUSTIC/INSECTNET/03_AUDIO_DOWNLOADS/audio/leptophyes-punctatissima/XC967731-L-punctatissima-n16_Clergoux-19_2021-08-31_22_32_00_M00053+++.wav,ok,wav,pcm_s16le,384000,384000,1,51.036,51.0,39212588,A,
Leptophyes punctatissima,846655,https://xeno-canto.org/846655,https://xeno-canto.org/846655/download,XC846655-20210903_204934.wav,/Users/jchavauxm5/PKA_JCH/JCH_Inbox/03_PROJECTS/03_WILDNEXUS/06_COMPONENTS/BIOACOUSTIC/INSECTNET/03_AUDIO_DOWNLOADS/audio/leptophyes-punctatissima/XC846655-20210903_204934.wav,ok,wav,pcm_s16le,384000,384000,1,5.027,5.0,3883470,B,
Leptophyes punctatissima,846656,https://xeno-canto.org/846656,https://xeno-canto.org/846656/download,XC846656-20210903_204939.wav,/Users/jchavauxm5/PKA_JCH/JCH_Inbox/03_PROJECTS/03_WILDNEXUS/06_COMPONENTS/BIOACOUSTIC/INSECTNET/03_AUDIO_DOWNLOADS/audio/leptophyes-punctatissima/XC846656-20210903_204939.wav,ok,wav,pcm_s16le,384000,384000,1,5.252,5.0,4056526,B,
Leptophyes punctatissima,846657,https://xeno-canto.org/846657,https://xeno-canto.org/846657/download,XC846657-20210903_204945.wav,/Users/jchavauxm5/PKA_JCH/JCH_Inbox/03_PROJECTS/03_WILDNEXUS/06_COMPONENTS/BIOACOUSTIC/INSECTNET/03_AUDIO_DOWNLOADS/audio/leptophyes-punctatissima/XC846657-20210903_204945.wav,ok,wav,pcm_s16le,384000,384000,1,5.092,5.0,3933646,B,
Leptophyes punctatissima,851720,https://xeno-canto.org/851720,https://xeno-canto.org/851720/download,XC851720-NOISE_20200813_175924.wav,/Users/jchavauxm5/PKA_JCH/JCH_Inbox/03_PROJECTS/03_WILDNEXUS/06_COMPONENTS/BIOACOUSTIC/INSECTNET/03_AUDIO_DOWNLOADS/audio/leptophyes-punctatissima/XC851720-NOISE_20200813_175924.wav,ok,wav,pcm_s16le,384000,384000,1,5.001,5.0,3864108,B,
Leptophyes punctatissima,851721,https://xeno-canto.org/851721,https://xeno-canto.org/851721/download,XC851721-NOISE_20200813_175950.wav,/Users/jchavauxm5/PKA_JCH/JCH_Inbox/03_PROJECTS/03_WILDNEXUS/06_COMPONENTS/BIOACOUSTIC/INSECTNET/03_AUDIO_DOWNLOADS/audio/leptophyes-punctatissima/XC851721-NOISE_20200813_175950.wav,ok,wav,pcm_s16le,384000,384000,1,5.001,5.0,3864108,B,
Leptophyes punctatissima,846654,https://xeno-canto.org/846654,https://xeno-canto.org/846654/download,XC846654-20210903_204910.wav,/Users/jchavauxm5/PKA_JCH/JCH_Inbox/03_PROJECTS/03_WILDNEXUS/06_COMPONENTS/BIOACOUSTIC/INSECTNET/03_AUDIO_DOWNLOADS/audio/leptophyes-punctatissima/XC846654-20210903_204910.wav,ok,wav,pcm_s16le,384000,384000,1,9.891,9.0,7619022,B,
Leptophyes punctatissima,849620,https://xeno-canto.org/849620,https://xeno-canto.org/849620/download,XC849620-NoID_20200813_163919.wav,/Users/jchavauxm5/PKA_JCH/JCH_Inbox/03_PROJECTS/03_WILDNEXUS/06_COMPONENTS/BIOACOUSTIC/INSECTNET/03_AUDIO_DOWNLOADS/audio/leptophyes-punctatissima/XC849620-NoID_20200813_163919.wav,ok,wav,pcm_s16le,384000,384000,1,10.329,10.0,7956004,B,
Leptophyes punctatissima,849648,https://xeno-canto.org/849648,https://xeno-canto.org/849648/download,XC849648-NoID_20200813_175939.wav,/Users/jchavauxm5/PKA_JCH/JCH_Inbox/03_PROJECTS/03_WILDNEXUS/06_COMPONENTS/BIOACOUSTIC/INSECTNET/03_AUDIO_DOWNLOADS/audio/leptophyes-punctatissima/XC849648-NoID_20200813_175939.wav,ok,wav,pcm_s16le,384000,384000,1,11.831,11.0,9109028,B,
Leptophyes punctatissima,849659,https://xeno-canto.org/849659,https://xeno-canto.org/849659/download,XC849659-NoID_20200814_164413.wav,/Users/jchavauxm5/PKA_JCH/JCH_Inbox/03_PROJECTS/03_WILDNEXUS/06_COMPONENTS/BIOACOUSTIC/INSECTNET/03_AUDIO_DOWNLOADS/audio/leptophyes-punctatissima/XC849659-NoID_20200814_164413.wav,ok,wav,pcm_s16le,384000,384000,1,11.037,11.0,8499822,B,
Leptophyes punctatissima,846652,https://xeno-canto.org/846652,https://xeno-canto.org/846652/download,XC846652-20210903_204854.wav,/Users/jchavauxm5/PKA_JCH/JCH_Inbox/03_PROJECTS/03_WILDNEXUS/06_COMPONENTS/BIOACOUSTIC/INSECTNET/03_AUDIO_DOWNLOADS/audio/leptophyes-punctatissima/XC846652-20210903_204854.wav,ok,wav,pcm_s16le,384000,384000,1,13.213,13.0,10170838,B,
Leptophyes punctatissima,849640,https://xeno-canto.org/849640,https://xeno-canto.org/849640/download,XC849640-NoID_20200813_173943.wav,/Users/jchavauxm5/PKA_JCH/JCH_Inbox/03_PROJECTS/03_WILDNEXUS/06_COMPONENTS/BIOACOUSTIC/INSECTNET/03_AUDIO_DOWNLOADS/audio/leptophyes-punctatissima/XC849640-NoID_20200813_173943.wav,ok,wav,pcm_s16le,384000,384000,1,14.336,14.0,11033138,B,
Leptophyes punctatissima,850163,https://xeno-canto.org/850163,https://xeno-canto.org/850163/download,XC850163-NoID_20230820_161706.wav,/Users/jchavauxm5/PKA_JCH/JCH_Inbox/03_PROJECTS/03_WILDNEXUS/06_COMPONENTS/BIOACOUSTIC/INSECTNET/03_AUDIO_DOWNLOADS/audio/leptophyes-punctatissima/XC850163-NoID_20230820_161706.wav,ok,wav,pcm_s16le,384000,384000,1,14.088,14.0,10842738,B,
Leptophyes punctatissima,849624,https://xeno-canto.org/849624,https://xeno-canto.org/849624/download,XC849624-NoID_20200813_164521.wav,/Users/jchavauxm5/PKA_JCH/JCH_Inbox/03_PROJECTS/03_WILDNEXUS/06_COMPONENTS/BIOACOUSTIC/INSECTNET/03_AUDIO_DOWNLOADS/audio/leptophyes-punctatissima/XC849624-NoID_20200813_164521.wav,ok,wav,pcm_s16le,384000,384000,1,15.285,15.0,11762212,B,
Leptophyes punctatissima,849638,https://xeno-canto.org/849638,https://xeno-canto.org/849638/download,XC849638-NoID_20200813_173848.wav,/Users/jchavauxm5/PKA_JCH/JCH_Inbox/03_PROJECTS/03_WILDNEXUS/06_COMPONENTS/BIOACOUSTIC/INSECTNET/03_AUDIO_DOWNLOADS/audio/leptophyes-punctatissima/XC849638-NoID_20200813_173848.wav,ok,wav,pcm_s16le,384000,384000,1,15.752,15.0,12120444,B,
Leptophyes punctatissima,850148,https://xeno-canto.org/850148,https://xeno-canto.org/850148/download,XC850148-NoID_20230820_154834.wav,/Users/jchavauxm5/PKA_JCH/JCH_Inbox/03_PROJECTS/03_WILDNEXUS/06_COMPONENTS/BIOACOUSTIC/INSECTNET/03_AUDIO_DOWNLOADS/audio/leptophyes-punctatissima/XC850148-NoID_20230820_154834.wav,ok,wav,pcm_s16le,384000,384000,1,15.923,15.0,12251770,B,
Leptophyes punctatissima,849637,https://xeno-canto.org/849637,https://xeno-canto.org/849637/download,XC849637-NoID_20200813_173823.wav,/Users/jchavauxm5/PKA_JCH/JCH_Inbox/03_PROJECTS/03_WILDNEXUS/06_COMPONENTS/BIOACOUSTIC/INSECTNET/03_AUDIO_DOWNLOADS/audio/leptophyes-punctatissima/XC849637-NoID_20200813_173823.wav,ok,wav,pcm_s16le,384000,384000,1,16.136,16.0,12415356,B,
Leptophyes punctatissima,849639,https://xeno-canto.org/849639,https://xeno-canto.org/849639/download,XC849639-NoID_20200813_173918.wav,/Users/jchavauxm5/PKA_JCH/JCH_Inbox/03_PROJECTS/03_WILDNEXUS/06_COMPONENTS/BIOACOUSTIC/INSECTNET/03_AUDIO_DOWNLOADS/audio/leptophyes-punctatissima/XC849639-NoID_20200813_173918.wav,ok,wav,pcm_s16le,384000,384000,1,17.395,17.0,13382020,B,
Roeseliana roeselii,969404,https://xeno-canto.org/969404,https://xeno-canto.org/969404/download,XC969404-R-roeselii-d20_Condat-en-Combrailles-63_20200703_115147+++.wav,/Users/jchavauxm5/PKA_JCH/JCH_Inbox/03_PROJECTS/03_WILDNEXUS/06_COMPONENTS/BIOACOUSTIC/INSECTNET/03_AUDIO_DOWNLOADS/audio/roeseliana-roeselii/XC969404-R-roeselii-d20_Condat-en-Combrailles-63_20200703_115147+++.wav,ok,wav,pcm_s16le,384000,384000,1,26.657,26.0,20489498,A,
Roeseliana roeselii,969405,https://xeno-canto.org/969405,https://xeno-canto.org/969405/download,XC969405-R-roeselii-d20_Condat-en-Combrailles-63_20200703_115530+++.wav,/Users/jchavauxm5/PKA_JCH/JCH_Inbox/03_PROJECTS/03_WILDNEXUS/06_COMPONENTS/BIOACOUSTIC/INSECTNET/03_AUDIO_DOWNLOADS/audio/roeseliana-roeselii/XC969405-R-roeselii-d20_Condat-en-Combrailles-63_20200703_115530+++.wav,ok,wav,pcm_s16le,384000,384000,1,31.411,31.0,24140570,A,
Roeseliana roeselii,969392,https://xeno-canto.org/969392,https://xeno-canto.org/969392/download,XC969392-R-roeselii-c22_Chanteix-19_2018-07-22_21_43_59_M00035++.wav,/Users/jchavauxm5/PKA_JCH/JCH_Inbox/03_PROJECTS/03_WILDNEXUS/06_COMPONENTS/BIOACOUSTIC/INSECTNET/03_AUDIO_DOWNLOADS/audio/roeseliana-roeselii/XC969392-R-roeselii-c22_Chanteix-19_2018-07-22_21_43_59_M00035++.wav,ok,wav,pcm_s16le,384000,384000,1,6.665,6.0,5135268,B,
Roeseliana roeselii,969457,https://xeno-canto.org/969457,https://xeno-canto.org/969457/download,XC969457-R-roeselii-n17_Clergoux-19_2021-08-31_21_27_20_M00046++.wav,/Users/jchavauxm5/PKA_JCH/JCH_Inbox/03_PROJECTS/03_WILDNEXUS/06_COMPONENTS/BIOACOUSTIC/INSECTNET/03_AUDIO_DOWNLOADS/audio/roeseliana-roeselii/XC969457-R-roeselii-n17_Clergoux-19_2021-08-31_21_27_20_M00046++.wav,ok,wav,pcm_s16le,384000,384000,1,8.195,8.0,6310816,B,
Roeseliana roeselii,969455,https://xeno-canto.org/969455,https://xeno-canto.org/969455/download,XC969455-R-roeselii-n16_Orgnac-sur-Vezere-19_2017-06-27_01_31_16_M00020++.wav,/Users/jchavauxm5/PKA_JCH/JCH_Inbox/03_PROJECTS/03_WILDNEXUS/06_COMPONENTS/BIOACOUSTIC/INSECTNET/03_AUDIO_DOWNLOADS/audio/roeseliana-roeselii/XC969455-R-roeselii-n16_Orgnac-sur-Vezere-19_2017-06-27_01_31_16_M00020++.wav,ok,wav,pcm_s16le,384000,384000,1,10.663,10.0,8205864,B,
Roeseliana roeselii,969411,https://xeno-canto.org/969411,https://xeno-canto.org/969411/download,XC969411-R-roeselii-d21_Chanteix-19_20210623_M00004++.wav,/Users/jchavauxm5/PKA_JCH/JCH_Inbox/03_PROJECTS/03_WILDNEXUS/06_COMPONENTS/BIOACOUSTIC/INSECTNET/03_AUDIO_DOWNLOADS/audio/roeseliana-roeselii/XC969411-R-roeselii-d21_Chanteix-19_20210623_M00004++.wav,ok,wav,pcm_s16le,384000,384000,1,11.858,11.0,9123546,B,
Roeseliana roeselii,849649,https://xeno-canto.org/849649,https://xeno-canto.org/849649/download,XC849649-NoID_20200813_180658.wav,/Users/jchavauxm5/PKA_JCH/JCH_Inbox/03_PROJECTS/03_WILDNEXUS/06_COMPONENTS/BIOACOUSTIC/INSECTNET/03_AUDIO_DOWNLOADS/audio/roeseliana-roeselii/XC849649-NoID_20200813_180658.wav,ok,wav,pcm_s16le,384000,384000,1,13.723,13.0,10562046,B,
Roeseliana roeselii,850129,https://xeno-canto.org/850129,https://xeno-canto.org/850129/download,XC850129-NoID_20230818_163439.wav,/Users/jchavauxm5/PKA_JCH/JCH_Inbox/03_PROJECTS/03_WILDNEXUS/06_COMPONENTS/BIOACOUSTIC/INSECTNET/03_AUDIO_DOWNLOADS/audio/roeseliana-roeselii/XC850129-NoID_20230818_163439.wav,ok,wav,pcm_s16le,384000,384000,1,15.133,15.0,11645524,B,
Roeseliana roeselii,850126,https://xeno-canto.org/850126,https://xeno-canto.org/850126/download,XC850126-NoID_20230818_163317.wav,/Users/jchavauxm5/PKA_JCH/JCH_Inbox/03_PROJECTS/03_WILDNEXUS/06_COMPONENTS/BIOACOUSTIC/INSECTNET/03_AUDIO_DOWNLOADS/audio/roeseliana-roeselii/XC850126-NoID_20230818_163317.wav,ok,wav,pcm_s16le,384000,384000,1,16.840,16.0,12956236,B,
Roeseliana roeselii,846647,https://xeno-canto.org/846647,https://xeno-canto.org/846647/download,XC846647-20210903_155552.wav,/Users/jchavauxm5/PKA_JCH/JCH_Inbox/03_PROJECTS/03_WILDNEXUS/06_COMPONENTS/BIOACOUSTIC/INSECTNET/03_AUDIO_DOWNLOADS/audio/roeseliana-roeselii/XC846647-20210903_155552.wav,ok,wav,pcm_s16le,384000,384000,1,17.360,17.0,13355432,B,
Roeseliana roeselii,850127,https://xeno-canto.org/850127,https://xeno-canto.org/850127/download,XC850127-NoID_20230818_163351.wav,/Users/jchavauxm5/PKA_JCH/JCH_Inbox/03_PROJECTS/03_WILDNEXUS/06_COMPONENTS/BIOACOUSTIC/INSECTNET/03_AUDIO_DOWNLOADS/audio/roeseliana-roeselii/XC850127-NoID_20230818_163351.wav,ok,wav,pcm_s16le,384000,384000,1,17.629,17.0,13562446,B,
Roeseliana roeselii,850179,https://xeno-canto.org/850179,https://xeno-canto.org/850179/download,XC850179-NoID_20230902_221632.wav,/Users/jchavauxm5/PKA_JCH/JCH_Inbox/03_PROJECTS/03_WILDNEXUS/06_COMPONENTS/BIOACOUSTIC/INSECTNET/03_AUDIO_DOWNLOADS/audio/roeseliana-roeselii/XC850179-NoID_20230902_221632.wav,ok,wav,pcm_s16le,384000,384000,1,17.605,17.0,13544096,B,
Roeseliana roeselii,850188,https://xeno-canto.org/850188,https://xeno-canto.org/850188/download,XC850188-NoID_20230903_121932.wav,/Users/jchavauxm5/PKA_JCH/JCH_Inbox/03_PROJECTS/03_WILDNEXUS/06_COMPONENTS/BIOACOUSTIC/INSECTNET/03_AUDIO_DOWNLOADS/audio/roeseliana-roeselii/XC850188-NoID_20230903_121932.wav,ok,wav,pcm_s16le,384000,384000,1,18.120,18.0,13939352,B,
Roeseliana roeselii,850130,https://xeno-canto.org/850130,https://xeno-canto.org/850130/download,XC850130-NoID_20230818_163501.wav,/Users/jchavauxm5/PKA_JCH/JCH_Inbox/03_PROJECTS/03_WILDNEXUS/06_COMPONENTS/BIOACOUSTIC/INSECTNET/03_AUDIO_DOWNLOADS/audio/roeseliana-roeselii/XC850130-NoID_20230818_163501.wav,ok,wav,pcm_s16le,384000,384000,1,19.901,19.0,15307348,B,
Roeseliana roeselii,850189,https://xeno-canto.org/850189,https://xeno-canto.org/850189/download,XC850189-NoID_20230903_122038.wav,/Users/jchavauxm5/PKA_JCH/JCH_Inbox/03_PROJECTS/03_WILDNEXUS/06_COMPONENTS/BIOACOUSTIC/INSECTNET/03_AUDIO_DOWNLOADS/audio/roeseliana-roeselii/XC850189-NoID_20230903_122038.wav,ok,wav,pcm_s16le,384000,384000,1,19.357,19.0,14889632,B,
Roeseliana roeselii,850128,https://xeno-canto.org/850128,https://xeno-canto.org/850128/download,XC850128-NoID_20230818_163418.wav,/Users/jchavauxm5/PKA_JCH/JCH_Inbox/03_PROJECTS/03_WILDNEXUS/06_COMPONENTS/BIOACOUSTIC/INSECTNET/03_AUDIO_DOWNLOADS/audio/roeseliana-roeselii/XC850128-NoID_20230818_163418.wav,ok,wav,pcm_s16le,384000,384000,1,20.680,20.0,15905356,B,
Roeseliana roeselii,850182,https://xeno-canto.org/850182,https://xeno-canto.org/850182/download,XC850182-NoID_20230902_222808.wav,/Users/jchavauxm5/PKA_JCH/JCH_Inbox/03_PROJECTS/03_WILDNEXUS/06_COMPONENTS/BIOACOUSTIC/INSECTNET/03_AUDIO_DOWNLOADS/audio/roeseliana-roeselii/XC850182-NoID_20230902_222808.wav,ok,wav,pcm_s16le,384000,384000,1,20.019,20.0,15397742,B,
Roeseliana roeselii,850186,https://xeno-canto.org/850186,https://xeno-canto.org/850186/download,XC850186-NoID_20230903_121732.wav,/Users/jchavauxm5/PKA_JCH/JCH_Inbox/03_PROJECTS/03_WILDNEXUS/06_COMPONENTS/BIOACOUSTIC/INSECTNET/03_AUDIO_DOWNLOADS/audio/roeseliana-roeselii/XC850186-NoID_20230903_121732.wav,ok,wav,pcm_s16le,384000,384000,1,20.271,20.0,15591072,B,
Roeseliana roeselii,850187,https://xeno-canto.org/850187,https://xeno-canto.org/850187/download,XC850187-NoID_20230903_121837.wav,/Users/jchavauxm5/PKA_JCH/JCH_Inbox/03_PROJECTS/03_WILDNEXUS/06_COMPONENTS/BIOACOUSTIC/INSECTNET/03_AUDIO_DOWNLOADS/audio/roeseliana-roeselii/XC850187-NoID_20230903_121837.wav,ok,wav,pcm_s16le,384000,384000,1,20.125,20.0,15479456,B,
Roeseliana roeselii,850180,https://xeno-canto.org/850180,https://xeno-canto.org/850180/download,XC850180-NoID_20230902_222030.wav,/Users/jchavauxm5/PKA_JCH/JCH_Inbox/03_PROJECTS/03_WILDNEXUS/06_COMPONENTS/BIOACOUSTIC/INSECTNET/03_AUDIO_DOWNLOADS/audio/roeseliana-roeselii/XC850180-NoID_20230902_222030.wav,ok,wav,pcm_s16le,384000,384000,1,21.000,21.0,16151390,B,
